{"cameraMode":{"drawMode":0,"name":"Shaded","section":"Shading Mode"},"sceneLighting":true,"audioPlay":false,"sceneViewState":{"m_AlwaysRefresh":false,"showFog":true,"showSkybox":true,"showFlares":true,"showImageEffects":true,"showParticleSystems":true,"showVisualEffectGraphs":true,"m_FxEnabled":true},"in2DMode":false,"pivot":{"x":-4.55486536026001,"y":1.8261336088180543,"z":3.6908655166625978},"rotation":{"x":-0.08146845549345017,"y":-0.7742242217063904,"z":0.10186772048473358,"w":-0.6193406581878662},"size":0.07407712191343308,"orthographic":false}